Model,MSE,RMSE,PSNR,SSIM,NMSE,PCC,SNR,Avg Inference Time
BiMa_eeg_38to64chs_spatial_mmi,0.000118±0.0000,0.010690±0.0000,39.543325±0.0372,0.982525±0.0007,0.038463±0.0003,0.980775±0.0001,14.394100±0.0372,0.007142±0.0007
DiBiMa_eeg_38to64chs_spatial_mmi,0.000145±0.0000,0.011900±0.0001,38.572925±0.0394,0.970925±0.0068,0.047449±0.0004,0.976225±0.0001,13.423725±0.0394,0.007983±0.0004
BiMa_eeg_16to64chs_spatial_mmi,0.000229±0.0000,0.014990±0.0001,36.566725±0.0469,0.961925±0.0067,0.074969±0.0008,0.961925±0.0003,11.417500±0.0469,0.006659±0.0003
DiBiMa_eeg_16to64chs_spatial_mmi,0.000277±0.0000,0.016526±0.0003,35.703500±0.1775,0.912850±0.0359,0.090871±0.0036,0.954425±0.0013,10.554300±0.1775,0.007573±0.0002
BiMa_eeg_8to64chs_spatial_mmi,0.000337±0.0000,0.018204±0.0000,34.863550±0.0228,0.947250±0.0019,0.110160±0.0006,0.943375±0.0003,9.714350±0.0228,0.005788±0.0001
DiBiMa_eeg_8to64chs_spatial_mmi,0.000373±0.0000,0.019151±0.0003,34.423050±0.1501,0.932025±0.0043,0.121780±0.0040,0.937450±0.0021,9.273825±0.1501,0.006533±0.0001
