Model,MSE,RMSE,PSNR,SSIM,NMSE,PCC,SNR,Avg Inference Time
32to64chs_spatial,0.001157±0.0000,0.033959±0.0000,29.395000±0.0000,0.684500±0.0000,0.092896±0.0000,0.954000±0.0000,12.121800±0.0000,0.948018±0.0000
16to64chs_spatial,0.002074±0.0000,0.045480±0.0000,26.855600±0.0000,0.470000±0.0000,0.179551±0.0000,0.923500±0.0000,8.655700±0.0000,0.009885±0.0000
8to64chs_spatial,0.003070±0.0000,0.055341±0.0000,25.150100±0.0000,0.304300±0.0000,0.251797±0.0000,0.880800±0.0000,7.514000±0.0000,0.010959±0.0000
