Model,MSE,RMSE,PSNR,SSIM,NMSE,PCC,SNR,Avg Inference Time
32to64chs_spatial,0.003226±0.0000,0.056448±0.0000,25.019200±0.0000,0.386800±0.0000,0.269277±0.0000,0.856000±0.0000,7.411600±0.0000,0.480509±0.0000
16to64chs_spatial,0.008487±0.0000,0.091792±0.0000,20.774500±0.0000,0.041500±0.0000,0.402663±0.0000,0.791200±0.0000,4.922700±0.0000,0.007163±0.0000
8to64chs_spatial,0.015664±0.0000,0.125019±0.0000,18.069700±0.0000,0.012200±0.0000,0.759461±0.0000,0.588100±0.0000,1.479100±0.0000,0.007663±0.0000
