Model,MSE,RMSE,PSNR,SSIM,NMSE,PCC,SNR,Avg Inference Time
BiMa_eeg_32to62chs_spatial_seed,0.071979±0.0003,0.267604±0.0006,11.471775±0.0191,0.937900±0.0110,0.072963±0.0003,0.962850±0.0001,11.409500±0.0191,0.007266±0.0010
DiBiMa_eeg_32to62chs_spatial_seed,0.100745±0.0038,0.315736±0.0060,10.055250±0.1625,0.849425±0.0757,0.101045±0.0038,0.948300±0.0020,9.992975±0.1625,0.007978±0.0002
BiMa_eeg_15to62chs_spatial_seed,0.118635±0.0004,0.343448±0.0005,9.306725±0.0129,0.898775±0.0167,0.120116±0.0003,0.938075±0.0002,9.244425±0.0129,0.006984±0.0004
DiBiMa_eeg_15to62chs_spatial_seed,0.143845±0.0010,0.377756±0.0011,8.487950±0.0230,0.587800±0.1906,0.144890±0.0007,0.924875±0.0003,8.425650±0.0230,0.007749±0.0002
BiMa_eeg_8to62chs_spatial_seed,0.197194±0.0004,0.443091±0.0005,7.088300±0.0100,0.835150±0.0127,0.199533±0.0005,0.894825±0.0001,7.026025±0.0100,0.006700±0.0002
DiBiMa_eeg_8to62chs_spatial_seed,0.233335±0.0017,0.481413±0.0015,6.376750±0.0239,0.510700±0.2503,0.235189±0.0014,0.874850±0.0007,6.314475±0.0239,0.007588±0.0002
