Model,MSE,RMSE,PSNR,SSIM,NMSE,PCC,SNR,Avg Inference Time
BiMa_eeg_x2_temporal_seed,0.019316±0.0000,0.132552±0.0000,17.744600±0.0000,0.988300±0.0000,0.018071±0.0000,0.991000±0.0000,17.682300±0.0000,0.017368±0.0000
DiBiMa_eeg_x2_temporal_seed,0.020353±0.0000,0.136661±0.0000,17.516200±0.0000,0.986800±0.0000,0.019381±0.0000,0.990300±0.0000,17.453900±0.0000,0.007908±0.0000
BiMa_eeg_x4_temporal_seed,0.125472±0.0000,0.350207±0.0000,9.189200±0.0000,0.925900±0.0000,0.124860±0.0000,0.935500±0.0000,9.126900±0.0000,0.007395±0.0000
DiBiMa_eeg_x4_temporal_seed,0.134914±0.0000,0.359524±0.0000,9.005000±0.0000,0.793800±0.0000,0.131869±0.0000,0.931600±0.0000,8.942800±0.0000,0.008357±0.0000
BiMa_eeg_x8_temporal_seed,0.221288±0.0000,0.466157±0.0000,6.686300±0.0000,0.874000±0.0000,0.220524±0.0000,0.882700±0.0000,6.624000±0.0000,0.007236±0.0000
DiBiMa_eeg_x8_temporal_seed,0.237536±0.0000,0.481355±0.0000,6.419300±0.0000,0.833900±0.0000,0.234883±0.0000,0.875000±0.0000,6.357100±0.0000,0.007858±0.0000
