Model,MSE,RMSE,PSNR,SSIM,NMSE,PCC,SNR,Avg Inference Time
BiMa_eeg_x2_temporal_mmi,0.000020±0.0000,0.004439±0.0000,47.164100±0.0000,0.997100±0.0000,0.006634±0.0000,0.996700±0.0000,22.014900±0.0000,0.007156±0.0000
DiBiMa_eeg_x2_temporal_mmi,0.000098±0.0000,0.009823±0.0000,40.213100±0.0000,0.985700±0.0000,0.032229±0.0000,0.983800±0.0000,15.063900±0.0000,0.007870±0.0000
BiMa_eeg_x4_temporal_mmi,0.000158±0.0000,0.012470±0.0000,38.156800±0.0000,0.976800±0.0000,0.052291±0.0000,0.973500±0.0000,13.007600±0.0000,0.007178±0.0000
DiBiMa_eeg_x4_temporal_mmi,0.000161±0.0000,0.012577±0.0000,38.081400±0.0000,0.976400±0.0000,0.053197±0.0000,0.973000±0.0000,12.932100±0.0000,0.007911±0.0000
BiMa_eeg_x8_temporal_mmi,0.000334±0.0000,0.018197±0.0000,34.841300±0.0000,0.949800±0.0000,0.110432±0.0000,0.943100±0.0000,9.692100±0.0000,0.007198±0.0000
DiBiMa_eeg_x8_temporal_mmi,0.000334±0.0000,0.018198±0.0000,34.840500±0.0000,0.949700±0.0000,0.110510±0.0000,0.943000±0.0000,9.691300±0.0000,0.008095±0.0000
