Model,MSE,RMSE,PSNR,SSIM,NMSE,PCC,SNR,Avg Inference Time
x2_temporal,0.000224±0.0000,0.014917±0.0000,36.552600±0.0000,0.576200±0.0000,0.020422±0.0000,0.992900±0.0000,18.796300±0.0000,0.011897±0.0000
x4_temporal,0.000938±0.0000,0.030551±0.0000,30.322700±0.0000,0.899900±0.0000,0.082794±0.0000,0.961800±0.0000,12.374500±0.0000,0.010330±0.0000
x8_temporal,0.002496±0.0000,0.049897±0.0000,26.050200±0.0000,0.816700±0.0000,0.340012±0.0000,0.885300±0.0000,7.253900±0.0000,0.012925±0.0000
