,MSE,RMSE,PSNR,SSIM,NMSE,PCC,SNR,Avg Inference Time,Parameters
x8_temporal,0.001374 ± 0.000,0.037065 ± 0.000,28.6211 ± 0.075,0.8990 ± 0.005,0.194154 ± 0.009,0.8978 ± 0.005,7.1246 ± 0.207,0.008859 ± 0.001,2.05M
