,MSE,RMSE,PSNR,SSIM,NMSE,PCC,SNR,Avg Inference Time,Parameters
x8_temporal,17472.357077 ± 410.064,132.173856 ± 1.558,-42.4223 ± 0.103,-0.0000 ± 0.000,1.010406 ± 0.000,-0.6813 ± 0.034,-0.0450 ± 0.002,0.498442 ± 0.013,0.32M
