,MSE,RMSE,PSNR,SSIM,NMSE,PCC,SNR,Avg Inference Time,Parameters
38to64chs_spatial,0.095993 ± 0.000,0.309827 ± 0.001,10.1776 ± 0.016,0.0752 ± 0.009,13.576492 ± 0.802,0.1746 ± 0.005,-11.3188 ± 0.263,0.062857 ± 0.015,2.02M
