,MSE,RMSE,PSNR,SSIM,NMSE,PCC,SNR,Avg Inference Time,Parameters
x8_temporal_mamba2_nb1_d256_ds64,0.467579 ± 0.093,0.680087 ± 0.071,3.3992 ± 0.951,0.1785 ± 0.020,1.002927 ± 0.318,0.7246 ± 0.064,1.4216 ± 1.764,0.003348 ± 0.001,1.78M
