,MSE,RMSE,PSNR,SSIM,NMSE,PCC,SNR,Avg Inference Time,Parameters
8to64chs_spatial,0.004454 ± 0.002,0.065739 ± 0.011,23.7661 ± 1.435,0.2570 ± 0.063,0.323354 ± 0.272,0.8689 ± 0.110,7.3337 ± 3.400,0.008898 ± 0.000,0.33M
