,MSE,RMSE,PSNR,SSIM,NMSE,PCC,SNR,Avg Inference Time,Parameters
8to64chs_spatial,0.015632 ± 0.001,0.124895 ± 0.006,18.0784 ± 0.401,0.0123 ± 0.003,0.760224 ± 0.157,0.5880 ± 0.168,1.4747 ± 0.786,0.006606 ± 0.001,0.2M
