,MSE,RMSE,PSNR,SSIM,NMSE,PCC,SNR,Avg Inference Time,Parameters
x8_temporal_mamba1,0.011271 ± 0.001,0.106089 ± 0.004,19.4930 ± 0.332,0.2304 ± 0.027,0.537648 ± 0.222,0.6821 ± 0.146,3.9177 ± 1.625,0.001906 ± 0.000,0.22M
x8_temporal_mamba2,0.011879 ± 0.001,0.108896 ± 0.005,19.2672 ± 0.361,0.1232 ± 0.034,0.562251 ± 0.229,0.6680 ± 0.150,3.6567 ± 1.587,0.002779 ± 0.000,0.21M
