,MSE,RMSE,PSNR,SSIM,NMSE,PCC,SNR,Avg Inference Time,Parameters
x8_temporal,0.004637 ± 0.000,0.068058 ± 0.002,23.3475 ± 0.298,0.4864 ± 0.064,0.648140 ± 0.307,0.7336 ± 0.110,3.9479 ± 2.091,0.006775 ± 0.001,0.28M
