Model,MSE,RMSE,PSNR,SSIM,NMSE,PCC,SNR,Avg Inference Time
32to64chs_spatial,0.003227±0.0000,0.056459±0.0000,25.017200±0.0000,0.387900±0.0000,0.269185±0.0000,0.856100±0.0000,7.419700±0.0000,0.008943±0.0000
16to64chs_spatial,0.008503±0.0000,0.091884±0.0000,20.765300±0.0000,0.041000±0.0000,0.403668±0.0000,0.791000±0.0000,4.916600±0.0000,0.008435±0.0000
8to64chs_spatial,0.015632±0.0000,0.124895±0.0000,18.078400±0.0000,0.012300±0.0000,0.760224±0.0000,0.588000±0.0000,1.474700±0.0000,0.006606±0.0000
