Model,MSE,RMSE,PSNR,SSIM,NMSE,PCC,SNR,Avg Inference Time
x8_temporal,17472.357077±0.0000,132.173856±0.0000,-42.422300±0.0000,0.000000±0.0000,1.010406±0.0000,-0.681300±0.0000,-0.045000±0.0000,0.498442±0.0000
